﻿<?xml version="1.0" encoding="utf-8"?>
<Resource>
  <Set id="0" name="Lord Vader's Command" character="-1">
    <Agenda id="0" name="As You Wish" cost="1" agendatype="Secret" />
    <Agenda id="1" name="A Dark Power" cost="2" agendatype="Secret" />
    <Agenda id="2" name="Dark Obsession" cost="3" agendatype="SideMission" />
  </Set>
  <Set id="1" name="Imperial Industry" character="-1">
    <Agenda id="3" name="Interrogation Protocol" cost="1" agendatype="Secret" />
    <Agenda id="4" name="Restorative Supplies" cost="2" agendatype="Ongoing" />
    <Agenda id="5" name="Means of Production" cost="3" agendatype="SideMission" />
  </Set>
  <Set id="2" name="Soldiers For Hire" character="-1">
    <Agenda id="6" name="By Any Means Necessary" cost="1" agendatype="Secret" />
    <Agenda id="7" name="No Disintegrations" cost="2" agendatype="Ongoing" />
    <Agenda id="8" name="Predator and Prey" cost="3" agendatype="SideMission" />
  </Set>
  <Set id="3" name="Retaliation" character="-1">
    <Agenda id="9" name="Tactical Explosives" cost="1" agendatype="Secret" />
    <Agenda id="10" name="Weakness Revealed" cost="2" agendatype="Ongoing" />
    <Agenda id="11" name="Breaking Point" cost="3" agendatype="SideMission" />
  </Set>
  <Set id="4" name="For The Right Price" character="-1">
    <Agenda id="12" name="Hired Help" cost="1" agendatype="Secret" />
    <Agenda id="13" name="High-Value Target" cost="2" agendatype="Ongoing" />
    <Agenda id="14" name="Wanted" cost="4" agendatype="ForcedMission" />
  </Set>
  <Set id="5" name="Agents Of The Empire" character="-1">
    <Agenda id="15" name="Imperial Informants" cost="1" agendatype="Secret" />
    <Agenda id="16" name="Tracking Beacon" cost="1" agendatype="Ongoing" />
    <Agenda id="17" name="Impounded" cost="4" agendatype="ForcedMission" />
  </Set>
  <Set id="6" name="Imperial Discipline" character="-1">
    <Agenda id="18" name="Impending Doom" cost="1" agendatype="Secret" />
    <Agenda id="19" name="Tactical Maneuvering" cost="1" agendatype="Secret" />
    <Agenda id="20" name="Fire at Will" cost="2" agendatype="Ongoing" />
  </Set>
  <Set id="7" name="Imperial Security Bureau" character="-1">
    <Agenda id="21" name="Imperial Operative" cost="1" agendatype="Secret" />
    <Agenda id="22" name="ISB Enforcers" cost="2" agendatype="Secret" />
    <Agenda id="23" name="Internal Affairs" cost="2" agendatype="Ongoing" />
  </Set>
  <Set id="8" name="Droid Uprising" character="-1">
    <Agenda id="24" name="Sabotaged Plans" cost="1" agendatype="Secret" />
    <Agenda id="25" name="Firepower Upgrade" cost="1" agendatype="Ongoing" />
    <Agenda id="26" name="Binary Revolution" cost="3" agendatype="SideMission" />
  </Set>
  <Set id="9" name="The General's Scheme" character="-1">
    <Agenda id="27" name="Special Modifications" cost="1" agendatype="Secret" />
    <Agenda id="28" name="Inspiring Command" cost="2" agendatype="Ongoing" />
    <Agenda id="29" name="Forest Ambush" cost="3" agendatype="SideMission" />
  </Set>
  <Set id="10" name="Vader's Fist" character="-1">
    <Agenda id="30" name="Set For Stun" cost="1" agendatype="Secret" />
    <Agenda id="31" name="To the Last Man" cost="2" agendatype="Secret" />
    <Agenda id="32" name="Bunker Buster" cost="3" agendatype="SideMission" />
  </Set>
  <Set id="11" name="Pursuit Of The Enemy" character="-1">
    <Agenda id="33" name="Strike and Subdue" cost="1" agendatype="Secret" />
    <Agenda id="34" name="Death Mark" cost="2" agendatype="Ongoing" />
    <Agenda id="35" name="Fire in the Sky" cost="3" agendatype="SideMission" />
  </Set>
  <Set id="12" name="The Empire's Reach" character="-1">
    <Agenda id="36" name="Advanced Prototypes" cost="1" agendatype="Secret" />
    <Agenda id="37" name="Data Security" cost="2" agendatype="Ongoing" />
    <Agenda id="38" name="Infiltrated" cost="3" agendatype="SideMission" />
  </Set>
  <Set id="13" name="Base Instincts" character="-1">
    <Agenda id="39" name="Furious Retaliation" cost="1" agendatype="Secret" />
    <Agenda id="40" name="On The Hunt" cost="1" agendatype="Ongoing" />
    <Agenda id="41" name="Gunrunner" cost="3" agendatype="SideMission" />
  </Set>
  <Set id="14" name="Crimson Empire" character="-1">
    <Agenda id="42" name="Best of the Best" cost="1" agendatype="Secret" />
    <Agenda id="43" name="Pulling the Strings" cost="1" agendatype="Ongoing" />
    <Agenda id="44" name="Infection" cost="3" agendatype="SideMission" />
  </Set>
  <Set id="15" name="Natural Warfare" character="-1">
    <Agenda id="45" name="Exposed to the Elements" cost="1" agendatype="Secret" />
    <Agenda id="46" name="Bestial Fury" cost="1" agendatype="Secret" />
    <Agenda id="47" name="Unchained" cost="2" agendatype="Ongoing" />
  </Set>
  <Set id="16" name="Defensive Tactics" character="-1">
    <Agenda id="48" name="Enhanced Armor" cost="1" agendatype="Secret" />
    <Agenda id="49" name="Counter-Strike" cost="1" agendatype="Secret" />
    <Agenda id="50" name="Personal Shield Generators" cost="2" agendatype="Ongoing" />
  </Set>
  <Set id="17" name="Evasive Maneuvers" character="-1">
    <Agenda id="51" name="Feigned Retreat" cost="1" agendatype="Secret" />
    <Agenda id="52" name="Contingency Plan" cost="1" agendatype="Secret" />
    <Agenda id="53" name="Hasty Ambush" cost="2" agendatype="Secret" />
  </Set>
  <Set id="18" name="Enhanced Interrogation" character="-1">
    <Agenda id="54" name="Weak Links" cost="1" agendatype="Secret" />
    <Agenda id="55" name="Blackmail" cost="2" agendatype="Ongoing" />
    <Agenda id="56" name="Learn Their Weaknesses" cost="1" agendatype="Secret" />
  </Set>
  <Set id="19" name="Nefarious Dealings" character="-1">
    <Agenda id="57" name="Final Blast" cost="2" agendatype="Ongoing" />
    <Agenda id="58" name="Trade Routes Disrupted" cost="2" agendatype="Secret" />
    <Agenda id="59" name="Back-Room Bargains" cost="3" agendatype="SideMission" />
  </Set>
  <Set id="20" name="Punishing Tactics" character="-1">
    <Agenda id="60" name="Targeted Cruelty" cost="1" agendatype="Secret" />
    <Agenda id="61" name="Beaten Down" cost="2" agendatype="Ongoing" />
    <Agenda id="62" name="A Bounty Protected" cost="3" agendatype="SideMission" />
  </Set>
  <Set id="21" name="Inquisition" character="-1">
    <Agenda id="63" name="When They Least Expect It" cost="1" agendatype="Secret" />
    <Agenda id="64" name="Targeted By The Empire" cost="2" agendatype="Secret" />
    <Agenda id="65" name="Cornered" cost="3" agendatype="SideMission" />
  </Set>
  <Set id="22" name="Desert Scavengers" character="-1">
    <Agenda id="66" name="Jawa Raid" cost="1" agendatype="Secret" />
    <Agenda id="67" name="Ion Blasters" cost="1" agendatype="Secret" />
    <Agenda id="68" name="Salvage Operatives" cost="3" agendatype="SideMission" />
  </Set>
  <Set id="23" name="Stormtrooper Support" character="-1">
    <Agenda id="69" name="Perpetual Reinforcements" cost="1" agendatype="Secret" />
    <Agenda id="70" name="Military Presence" cost="1" agendatype="Secret" />
    <Agenda id="71" name="Strength Of Command" cost="3" agendatype="SideMission" />
  </Set>
  <Set id="24" name="Imperial Intelligence" character="-1">
    <Agenda id="72" name="Classified Techniques" cost="1" agendatype="Secret" />
    <Agenda id="73" name="Under Surveillance" cost="2" agendatype="Secret" />
    <Agenda id="74" name="Security Breach" cost="3" agendatype="SideMission" />
  </Set>
  <Set id="25" name="Contract Gunmen" character="-1">
    <Agenda id="75" name="Hunter For A Fee" cost="1" agendatype="Secret" />
    <Agenda id="76" name="Stealth Squad" cost="1" agendatype="Secret" />
    <Agenda id="77" name="Top Target" cost="3" agendatype="SideMission" />
  </Set>
  <Set id="26" name="Infiltration" character="-1">
    <Agenda id="78" name="Misdirection" cost="1" agendatype="Secret" />
    <Agenda id="79" name="Trip Mine" cost="1" agendatype="Secret" />
    <Agenda id="80" name="Qiuet Entry" cost="1" agendatype="Secret" />
  </Set>
</Resource>