﻿<?xml version="1.0" encoding="utf-8"?>
<Resource>
  <Set id="0" name="Subversive Tactics" character="-1">
    <Class id="0" name="Prey Upon Doubt" cost="0" isItem="false" />
    <Class id="1" name="Savage Weaponry" cost="1" isItem="false" />
    <Class id="2" name="Surgical Strike" cost="1" isItem="false" />
    <Class id="3" name="Heavy Pressure" cost="2" isItem="false" />
    <Class id="4" name="Exploit Weakness" cost="2" isItem="false" />
    <Class id="5" name="Executioner" cost="3" isItem="false" />
    <Class id="6" name="Weary Target" cost="3" isItem="false" />
    <Class id="7" name="Oppression" cost="4" isItem="false" />
    <Class id="8" name="No Quarter" cost="4" isItem="false" />
  </Set>
  <Set id="1" name="Military Might" character="-1">
    <Class id="9" name="Show of Force" cost="0" isItem="false" />
    <Class id="10" name="Riot Grenades" cost="1" isItem="false" />
    <Class id="11" name="Combat Medic" cost="1" isItem="false" />
    <Class id="12" name="Assault Armor" cost="2" isItem="false" />
    <Class id="13" name="Endless Ranks" cost="2" isItem="false" />
    <Class id="14" name="Sustained Fire" cost="3" isItem="false" />
    <Class id="15" name="Shock Troopers" cost="3" isItem="false" />
    <Class id="16" name="Shock and Awe" cost="4" isItem="false" />
    <Class id="17" name="Combat Veterans" cost="4" isItem="false" />
  </Set>
  <Set id="2" name="Technological Superiority" character="-1">
    <Class id="18" name="Experimental Arms" cost="0" isItem="false" />
    <Class id="19" name="Jetpacks" cost="1" isItem="false" />
    <Class id="20" name="Technical Support" cost="1" isItem="false" />
    <Class id="21" name="Hidden Detonators" cost="2" isItem="false" />
    <Class id="22" name="Failsafe" cost="2" isItem="false" />
    <Class id="23" name="Cloaking Device" cost="3" isItem="false" />
    <Class id="24" name="Arc Blasters" cost="3" isItem="false" />
    <Class id="25" name="Superior Augments" cost="4" isItem="false" />
    <Class id="26" name="Adaptive Weapons" cost="4" isItem="false" />
  </Set>
  <Set id="3" name="Gideon Argus" character="3">
    <Class id="27" name="Holdout Blaster" cost="0" isItem="true" />
    <Class id="28" name="Called Shot" cost="1" isItem="false" />
    <Class id="29" name="Military Efficiency" cost="1" isItem="false" />
    <Class id="30" name="Mobile Tactician" cost="2" isItem="false" />
    <Class id="31" name="Air of Command" cost="2" isItem="false" />
    <Class id="32" name="For the Cause" cost="3" isItem="false" />
    <Class id="33" name="Rallying Shout" cost="3" isItem="false" />
    <Class id="34" name="Hammer and Anvil" cost="4" isItem="false" />
    <Class id="35" name="Masterstroke" cost="4" isItem="false" />
  </Set>
  <Set id="4" name="Mak Eshka'rey" character="5">
    <Class id="36" name="Longrifle" cost="0" isItem="true" />
    <Class id="46" name="Supply Network" cost="1" isItem="false" />
    <Class id="47" name="Disengage" cost="1" isItem="false" />
    <Class id="48" name="Target Acquired" cost="2" isItem="false" />
    <Class id="49" name="Jeswandi Training" cost="2" isItem="false" />
    <Class id="50" name="Execute" cost="3" isItem="false" />
    <Class id="51" name="Expertise" cost="3" isItem="false" />
    <Class id="52" name="No Escape" cost="4" isItem="false" />
    <Class id="53" name="Decoy" cost="4" isItem="false" />
  </Set>
  <Set id="5" name="Fenn Signis" character="1">
    <Class id="37" name="Infantry Rifle" cost="0" isItem="true" />
    <Class id="38" name="Tactical Movement" cost="1" isItem="false" />
    <Class id="39" name="Take Cover" cost="1" isItem="false" />
    <Class id="40" name="Adrenaline Rush" cost="2" isItem="false" />
    <Class id="41" name="Weapon Expert" cost="2" isItem="false" />
    <Class id="42" name="Suppressive Fire" cost="3" isItem="false" />
    <Class id="43" name="Trench Fighter" cost="3" isItem="false" />
    <Class id="44" name="Superior Positioning" cost="4" isItem="false" />
    <Class id="45" name="Rebel Elite" cost="4" isItem="false" />
  </Set>
  <Set id="6" name="Diala Passil" character="0">
    <Class id="54" name="Plasteel Staff" cost="0" isItem="true" />
    <Class id="55" name="Force Adept" cost="1" isItem="false" />
    <Class id="56" name="Force Throw" cost="1" isItem="false" />
    <Class id="57" name="Defensive Stance" cost="2" isItem="false" />
    <Class id="58" name="Battle Meditation" cost="2" isItem="false" />
    <Class id="59" name="Art of Movement" cost="3" isItem="false" />
    <Class id="60" name="Snap Kick" cost="3" isItem="false" />
    <Class id="61" name="Way of the Sarlacc" cost="4" isItem="false" />
    <Class id="62" name="Dancing Weapon" cost="4" isItem="false" />
  </Set>
  <Set id="7" name="Jyn Odan" character="4">
    <Class id="63" name="Vintage Blaster" cost="0" isItem="true" />
    <Class id="64" name="Smuggler's Luck" cost="1" isItem="false" />
    <Class id="65" name="Quick as a Whip" cost="1" isItem="false" />
    <Class id="66" name="Cheap Shot" cost="2" isItem="false" />
    <Class id="67" name="Roll With It" cost="2" isItem="false" />
    <Class id="68" name="Gunslinger" cost="3" isItem="false" />
    <Class id="69" name="Get Cocky" cost="3" isItem="false" />
    <Class id="70" name="Trick Shot" cost="4" isItem="false" />
    <Class id="71" name="Sidewinder" cost="4" isItem="false" />
  </Set>
  <Set id="8" name="Gaarkhan" character="2">
    <Class id="72" name="Vibro-Ax" cost="0" isItem="true" />
    <Class id="73" name="Wookiee Loyalty" cost="1" isItem="false" />
    <Class id="74" name="Wookiee Foritude" cost="1" isItem="false" />
    <Class id="75" name="Ferocity" cost="2" isItem="false" />
    <Class id="76" name="Staggering Blow" cost="2" isItem="false" />
    <Class id="77" name="Vicious Strike" cost="3" isItem="false" />
    <Class id="78" name="Rampage" cost="3" isItem="false" />
    <Class id="79" name="Brutal Cleave" cost="4" isItem="false" />
    <Class id="80" name="Unstoppable" cost="4" isItem="false" />
  </Set>
  <Set id="9" name="Biv Bodhrik" character="6">
    <Class id="81" name="Repeating Blaster" cost="0" isItem="true" />
    <Class id="82" name="Advance" cost="1" isItem="false" />
    <Class id="83" name="Shake It Off" cost="1" isItem="false" />
    <Class id="84" name="Crusging Blow" cost="2" isItem="false" />
    <Class id="85" name="Into The Fray" cost="2" isItem="false" />
    <Class id="86" name="Vibrobayonet" cost="3" isItem="false" />
    <Class id="87" name="Trophy Armor" cost="3" isItem="false" />
    <Class id="88" name="Stay Down" cost="4" isItem="false" />
    <Class id="89" name="Final Stand" cost="4" isItem="false" />
  </Set>
  <Set id="10" name="Saska Teft" character="7">
    <Class id="90" name="Modified Blaster" cost="0" isItem="true" />
    <Class id="91" name="Unstable Device" cost="1" isItem="false" />
    <Class id="92" name="Tool Kit" cost="1" isItem="false" />
    <Class id="93" name="Strctural Weakness" cost="2" isItem="false" />
    <Class id="94" name="Energy Shield" cost="2" isItem="false" />
    <Class id="95" name="Gadgeteer" cost="3" isItem="false" />
    <Class id="96" name="Power Converter" cost="3" isItem="false" />
    <Class id="97" name="Remote Distrbution" cost="4" isItem="false" />
    <Class id="98" name="Adrenaline Injector" cost="4" isItem="false" />
  </Set>
  <Set id="11" name="Inspiring Leadership" character="-1">
    <Class id="99" name="Field Officer" cost="0" isItem="false" />
    <Class id="100" name="Supervisory Agent" cost="1" isItem="false" />
    <Class id="101" name="Press On" cost="1" isItem="false" />
    <Class id="102" name="Strategic Planning" cost="2" isItem="false" />
    <Class id="103" name="Noble Sacrifice" cost="2" isItem="false" />
    <Class id="104" name="Imperial Dedication" cost="3" isItem="false" />
    <Class id="105" name="Field General" cost="3" isItem="false" />
    <Class id="106" name="Optimal Tactics" cost="4" isItem="false" />
    <Class id="107" name="Lead By Example" cost="4" isItem="false" />
  </Set>
  <Set id="12" name="Verena Talos" character="8">
    <Class id="108" name="Military Blaster" cost="0" isItem="true" />
    <Class id="109" name="Fighting Knife" cost="0" isItem="true" />
    <Class id="110" name="Create Opening" cost="1" isItem="false" />
    <Class id="111" name="Combat Momentum" cost="1" isItem="false" />
    <Class id="112" name="Student of Battle" cost="2" isItem="false" />
    <Class id="113" name="K'tara Maneuver" cost="2" isItem="false" />
    <Class id="114" name="Point Blank Shot" cost="3" isItem="false" />
    <Class id="115" name="Improvised Cover" cost="3" isItem="false" />
    <Class id="116" name="Master Operative" cost="4" isItem="false" />
    <Class id="117" name="Combat Mastery" cost="4" isItem="false" />
  </Set>
  <Set id="13" name="MHD-19" character="10">
    <Class id="118" name="Sidearm Blaster" cost="0" isItem="true" />
    <Class id="119" name="Bacta Injector" cost="1" isItem="false" />
    <Class id="120" name="Improper Procedure" cost="1" isItem="false" />
    <Class id="121" name="Field Surgeon" cost="2" isItem="false" />
    <Class id="122" name="Fuel Injection" cost="2" isItem="false" />
    <Class id="123" name="Miracle Worker" cost="3" isItem="false" />
    <Class id="124" name="Adrenal Vaopr" cost="3" isItem="false" />
    <Class id="125" name="Bacta Radiator" cost="4" isItem="false" />
    <Class id="126" name="Combat Override" cost="4" isItem="false" />
  </Set>
  <Set id="14" name="Loku Kanoloa" character="9">
    <Class id="127" name="All-Weather Rifle" cost="0" isItem="true" />
    <Class id="128" name="Scouting Report" cost="1" isItem="false" />
    <Class id="129" name="Combat Spotter" cost="1" isItem="false" />
    <Class id="130" name="Overwatch" cost="2" isItem="false" />
    <Class id="131" name="Spectrum Scanner" cost="2" isItem="false" />
    <Class id="132" name="Scout's Guidance" cost="3" isItem="false" />
    <Class id="133" name="Study of Enemies" cost="3" isItem="false" />
    <Class id="134" name="Coordinated Attack" cost="4" isItem="false" />
    <Class id="135" name="Mon Cala Special Forces" cost="4" isItem="false" />
  </Set>
  <Set id="15" name="Precision Training" character="-1">
    <Class id="136" name="Strike Force" cost="0" isItem="false" />
    <Class id="137" name="Pinpoint Accuracy" cost="1" isItem="false" />
    <Class id="138" name="Sharpshooters" cost="1" isItem="false" />
    <Class id="139" name="Knowledge of Attack" cost="2" isItem="false" />
    <Class id="140" name="Versatile Attack" cost="2" isItem="false" />
    <Class id="141" name="Exacting Strike" cost="3" isItem="false" />
    <Class id="142" name="Assaasins" cost="3" isItem="false" />
    <Class id="143" name="Find the Weakness" cost="4" isItem="false" />
    <Class id="144" name="Single-Minded" cost="4" isItem="false" />
  </Set>
  <Set id="16" name="Armored Onslaught" character="-1">
    <Class id="145" name="Explosive Munitions" cost="0" isItem="false" />
    <Class id="146" name="Armor Corps" cost="1" isItem="false" />
    <Class id="147" name="Automated Repairs" cost="1" isItem="false" />
    <Class id="148" name="Explosive Entry" cost="2" isItem="false" />
    <Class id="149" name="Heavy Firepower" cost="2" isItem="false" />
    <Class id="150" name="Mortar" cost="3" isItem="false" />
    <Class id="151" name="Reactive Armor" cost="3" isItem="false" />
    <Class id="152" name="Power to Shields" cost="4" isItem="false" />
    <Class id="153" name="Rapid Dominance" cost="4" isItem="false" />
  </Set>
  <Set id="17" name="Davith Elso" character="11">
    <Class id="154" name="Heirloom Dagger" cost="0" isItem="true" />
    <Class id="155" name="Elusive Agent" cost="1" isItem="false" />
    <Class id="156" name="Covert Operative" cost="1" isItem="false" />
    <Class id="157" name="Blindside" cost="2" isItem="false" />
    <Class id="158" name="Falling Leaf" cost="2" isItem="false" />
    <Class id="159" name="Shrouded Lightsaber" cost="3" isItem="false" />
    <Class id="160" name="Force Illusion" cost="3" isItem="false" />
    <Class id="161" name="Embody the Force" cost="4" isItem="false" />
    <Class id="162" name="Fell Swoop" cost="4" isItem="false" />
  </Set>
  <Set id="18" name="Murne Rin" character="12">
    <Class id="163" name="Diplomats Blaster" cost="0" isItem="true" />
    <Class id="164" name="Company of Heroes" cost="1" isItem="false" />
    <Class id="165" name="Sonic Bellow" cost="1" isItem="false" />
    <Class id="166" name="Professional Aide" cost="2" isItem="false" />
    <Class id="167" name="Rebel Propoganda" cost="2" isItem="false" />
    <Class id="168" name="Double Agent" cost="3" isItem="false" />
    <Class id="169" name="Solidarity" cost="3" isItem="false" />
    <Class id="170" name="Lead from the Front" cost="4" isItem="false" />
    <Class id="171" name="Waylay" cost="4" isItem="false" />
  </Set>
  <Set id="19" name="Imperial Black Ops" character="-1">
    <Class id="172" name="In the Shadows" cost="0" isItem="false" />
    <Class id="173" name="Stealth" cost="1" isItem="false" />
    <Class id="174" name="Shadow Corps" cost="1" isItem="false" />
    <Class id="175" name="Surprise Attack" cost="2" isItem="false" />
    <Class id="176" name="Shadow Armor" cost="2" isItem="false" />
    <Class id="177" name="Execution Squad" cost="3" isItem="false" />
    <Class id="178" name="Strategic Redeployment" cost="3" isItem="false" />
    <Class id="179" name="True Shadow" cost="4" isItem="false" />
    <Class id="180" name="Versatility" cost="4" isItem="false" />
  </Set>
</Resource>