﻿<?xml version="1.0" encoding="utf-8"?>
<Resource>
  <SideMission id="0" name="Temptation" missiontype="Red" />
  <SideMission id="1" name="Loose Cannon" missiontype="Red" />
  <SideMission id="2" name="Brushfire" missiontype="Red" />
  <SideMission id="3" name="Indebted" missiontype="Red" />
  <SideMission id="4" name="Friends of Old" missiontype="Red" />
  <SideMission id="5" name="High Moon" missiontype="Red" />
  <SideMission id="6" name="Sympathy for the Rebellion" missiontype="Grey" />
  <SideMission id="7" name="Generous Donations" missiontype="Grey" />
  <SideMission id="8" name="Luxury Cruise" missiontype="Grey" />
  <SideMission id="9" name="Sorry About the Mess" missiontype="Green" />
  <SideMission id="10" name="The Spice Job" missiontype="Green" />
  <SideMission id="11" name="A Simple Task" missiontype="Grey" />
  <SideMission id="12" name="Target of Opportunity" missiontype="Green" />
  <SideMission id="13" name="Homecoming" missiontype="Green" />
  <SideMission id="14" name="Open to Interpretation" missiontype="Green" />
  <SideMission id="15" name="Imperial Entanglements" missiontype="Grey" />
  <SideMission id="16" name="Brace For Impact" missiontype="Green" />
  <SideMission id="17" name="Celebration" missiontype="Grey" />
  <SideMission id="18" name="Viper's Den" missiontype="Grey" />
  <SideMission id="19" name="Captured" missiontype="Forced" />
  <SideMission id="20" name="Hunted Down" missiontype="Green" />
  <SideMission id="21" name="Past Life Enemies" missiontype="Red" />
  <SideMission id="22" name="Shady Dealings" missiontype="Red" />
  <SideMission id="23" name="Canyon Run" missiontype="Grey" />
  <SideMission id="24" name="Armed and Operational" missiontype="Green" />
  <SideMission id="25" name="Communication Breakdown" missiontype="Green" />
  <SideMission id="26" name="Deadly Transmission" missiontype="Green" />
  <SideMission id="27" name="Know Your Enemy" missiontype="Red" />
  <SideMission id="28" name="Constant Vigilance" missiontype="Red" />
  <SideMission id="29" name="Preventative Measures" missiontype="Red" />
  <SideMission id="30" name="Reclassified" missiontype="Red" />
  <SideMission id="31" name="Panic in the Streets" missiontype="Red" />
  <SideMission id="32" name="Reclamation" missiontype="Green" />
  <SideMission id="33" name="Freedom Fighters" missiontype="Grey" />
  <SideMission id="34" name="Cloud City's Secret" missiontype="Grey" />
  <SideMission id="35" name="Hostile Takeover" missiontype="Grey" />
  <SideMission id="36" name="Precious Cargo" missiontype="Green" />
  <SideMission id="37" name="Brute Force" missiontype="Green" />
  <SideMission id="38" name="Paying Debts" missiontype="Grey" />
  <SideMission id="39" name="Into The Unknown" missiontype="Grey" />
</Resource>