﻿<?xml version="1.0" encoding="utf-8"?>
<Resource>
  <StoryMission id="0" name="Aftermath" campaign="0" />
  <StoryMission id="1" name="A New Threat" campaign="0" />
  <StoryMission id="2" name="Imperial Hospitality" campaign="0" />
  <StoryMission id="3" name="Under Siege" campaign="0" />
  <StoryMission id="4" name="Fly Solo" campaign="0" />
  <StoryMission id="5" name="Incoming" campaign="0" />
  <StoryMission id="6" name="Drawn In" campaign="0" />
  <StoryMission id="7" name="Chain of Command" campaign="0" />
  <StoryMission id="8" name="The Source" campaign="0" />
  <StoryMission id="9" name="Last Stand" campaign="0" />
  <StoryMission id="10" name="Desperate Hour" campaign="0" />
  <StoryMission id="11" name="Hunted Down" campaign="1" />
  <StoryMission id="12" name="Battle Of Hoth" campaign="2" />
  <StoryMission id="13" name="Return To Echo Base" campaign="2" />
  <StoryMission id="14" name="Our Last Hope" campaign="2" />
  <StoryMission id="15" name="Reclamation" campaign="3" />
  <StoryMission id="16" name="Past Life Enemies" campaign="1" />
  <StoryMission id="17" name="Shady Dealings" campaign="1" />
  <StoryMission id="18" name="Canyon Run" campaign="1" />
  <StoryMission id="19" name="Fire In The Sky" campaign="1" />
  <StoryMission id="20" name="Infiltrated" campaign="1" />
  <StoryMission id="21" name="White Noise" campaign="2" />
  <StoryMission id="22" name="Home Front" campaign="2" />
  <StoryMission id="23" name="One Step Behind" campaign="2" />
  <StoryMission id="24" name="Rescue Ops" campaign="2" />
  <StoryMission id="25" name="The Last Line" campaign="2" />
  <StoryMission id="26" name="Disaster" campaign="2" />
  <StoryMission id="27" name="Reclassified" campaign="3" />
  <StoryMission id="28" name="Panic in the Streets" campaign="3" />
  <StoryMission id="29" name="Freedom Fighters" campaign="3" />
  <StoryMission id="30" name="Cloud City's Secret" campaign="3" />
  <StoryMission id="31" name="Hostile Takeover" campaign="3" />
</Resource>